{
  "arms": {
    "command_only_route": {
      "diagnostics": [
        {
          "code": "semantic.command_only",
          "detail": "A high-level command proxy replaced route geometry.",
          "layer": "semantic"
        }
      ],
      "result_path": "artifacts/external/alpasim_protocol_replay/command_only_route.json",
      "result_sha256": "5bc3fe17957173c698d5545eed6036cb54fc8d2fc8ee3edb9fe3543db820ce56",
      "results": {
        "drive_calls": 60,
        "drive_calls_within_target": 60,
        "finite_drive_outputs": 60,
        "latency_target_ms": 100.0,
        "nonstationary_drive_outputs": 60,
        "rpc_latency_ms": {
          "close_session": {
            "max": 1.744478,
            "mean": 1.744478,
            "p50": 1.744478,
            "p95": 1.744478,
            "samples": 1
          },
          "drive": {
            "max": 4.61186,
            "mean": 3.1591675166666664,
            "p50": 3.1039605,
            "p95": 3.9580392499999997,
            "samples": 60
          },
          "start_session": {
            "max": 1.955019,
            "mean": 1.955019,
            "p50": 1.955019,
            "p95": 1.955019,
            "samples": 1
          },
          "submit_egomotion_observation": {
            "max": 4.749943,
            "mean": 1.4816999193548388,
            "p50": 1.3866325000000002,
            "p95": 2.1469177500000005,
            "samples": 62
          },
          "submit_image_observation": {
            "max": 2.654756,
            "mean": 1.5362083770491801,
            "p50": 1.4986335,
            "p95": 2.02779665,
            "samples": 122
          },
          "submit_route": {
            "max": 2.082608,
            "mean": 1.3448404590163934,
            "p50": 1.307128,
            "p95": 1.770852,
            "samples": 61
          }
        }
      },
      "runtime": {
        "drive_count": 60,
        "event_count": 307,
        "explicit_finite_drive_count": 60,
        "latency_ms": {
          "max": 2.06412,
          "mean": 1.41970135,
          "p50": 1.3637465,
          "p95": 1.8600002499999997
        },
        "latency_target_met_count": 60,
        "latency_target_ms": 100.0,
        "session_count": 1,
        "telemetry_schemas": [
          "wod2sim_challenge_telemetry_v3"
        ]
      },
      "telemetry_path": "artifacts/external/alpasim_protocol_replay/command_only_route-telemetry.jsonl",
      "telemetry_sha256": "a6cbbee98ebe8082298cb246d75e246054fe09f566b6603639c946f9b45a1cae"
    },
    "full_contract": {
      "diagnostics": [],
      "result_path": "artifacts/external/alpasim_protocol_replay/full_contract.json",
      "result_sha256": "41c232b68c403fac84220c4fc313b402b41b3f252871ad9fc1b8529deffb3f73",
      "results": {
        "drive_calls": 60,
        "drive_calls_within_target": 60,
        "finite_drive_outputs": 60,
        "latency_target_ms": 100.0,
        "nonstationary_drive_outputs": 60,
        "rpc_latency_ms": {
          "close_session": {
            "max": 1.789039,
            "mean": 1.789039,
            "p50": 1.789039,
            "p95": 1.789039,
            "samples": 1
          },
          "drive": {
            "max": 5.800262,
            "mean": 3.9362151666666665,
            "p50": 3.76853,
            "p95": 4.83331325,
            "samples": 60
          },
          "start_session": {
            "max": 2.069358,
            "mean": 2.069358,
            "p50": 2.069358,
            "p95": 2.069358,
            "samples": 1
          },
          "submit_egomotion_observation": {
            "max": 3.087012,
            "mean": 1.7555459193548386,
            "p50": 1.6832155,
            "p95": 2.2422474,
            "samples": 62
          },
          "submit_image_observation": {
            "max": 3.558852,
            "mean": 1.9741411721311475,
            "p50": 1.8897815,
            "p95": 2.62449215,
            "samples": 122
          },
          "submit_route": {
            "max": 2.634517,
            "mean": 1.7132431639344263,
            "p50": 1.662912,
            "p95": 2.239734,
            "samples": 61
          }
        }
      },
      "runtime": {
        "drive_count": 60,
        "event_count": 307,
        "explicit_finite_drive_count": 60,
        "latency_ms": {
          "max": 3.36388,
          "mean": 1.84082245,
          "p50": 1.7611379999999999,
          "p95": 2.59888935
        },
        "latency_target_met_count": 60,
        "latency_target_ms": 100.0,
        "session_count": 1,
        "telemetry_schemas": [
          "wod2sim_challenge_telemetry_v3"
        ]
      },
      "telemetry_path": "artifacts/external/alpasim_protocol_replay/full_contract-telemetry.jsonl",
      "telemetry_sha256": "f7d35b19379beb43f3b207cf9e2b96250f4b30ff858f0f5b238810f81937113d"
    },
    "navsim_ego_status_mlp_command_only_route": {
      "diagnostics": [],
      "result_path": "artifacts/external/alpasim_protocol_replay/navsim_ego_status_mlp_command_only_route.json",
      "result_sha256": "5cecb4c10fbea5c946ba7c7f5922519d397ad8f84208743fb28dd72d2b863439",
      "results": {
        "drive_calls": 60,
        "drive_calls_within_target": 60,
        "finite_drive_outputs": 60,
        "latency_target_ms": 100.0,
        "nonstationary_drive_outputs": 60,
        "rpc_latency_ms": {
          "close_session": {
            "max": 1.900517,
            "mean": 1.900517,
            "p50": 1.900517,
            "p95": 1.900517,
            "samples": 1
          },
          "drive": {
            "max": 8.643005,
            "mean": 5.21654475,
            "p50": 4.942636,
            "p95": 6.962782999999997,
            "samples": 60
          },
          "start_session": {
            "max": 3.050494,
            "mean": 3.050494,
            "p50": 3.050494,
            "p95": 3.050494,
            "samples": 1
          },
          "submit_egomotion_observation": {
            "max": 3.440221,
            "mean": 2.1317607096774194,
            "p50": 1.990178,
            "p95": 3.12830945,
            "samples": 62
          },
          "submit_image_observation": {
            "max": 115.44629,
            "mean": 6.598570467213115,
            "p50": 5.437079499999999,
            "p95": 7.44673555,
            "samples": 122
          },
          "submit_route": {
            "max": 9.784584,
            "mean": 2.109294180327869,
            "p50": 1.938703,
            "p95": 2.810117,
            "samples": 61
          }
        }
      },
      "runtime": {
        "drive_count": 60,
        "event_count": 307,
        "explicit_finite_drive_count": 60,
        "latency_ms": {
          "max": 6.238251,
          "mean": 2.9990327,
          "p50": 2.6821425000000003,
          "p95": 4.350917599999999
        },
        "latency_target_met_count": 60,
        "latency_target_ms": 100.0,
        "session_count": 1,
        "telemetry_schemas": [
          "wod2sim_challenge_telemetry_v3"
        ]
      },
      "telemetry_path": "artifacts/external/alpasim_protocol_replay/navsim_ego_status_mlp_command_only_route-telemetry.jsonl",
      "telemetry_sha256": "9ce66fa5799a523a50fd3a513515b9e4c8febdb5e636d25d546b19afd0aff58f"
    },
    "navsim_ego_status_mlp_full_contract": {
      "diagnostics": [],
      "result_path": "artifacts/external/alpasim_protocol_replay/navsim_ego_status_mlp_full_contract.json",
      "result_sha256": "50eb8e08d6b8df9e571158ddbf81ec2a600b71d3dcd5d10432c4c9a42799444f",
      "results": {
        "drive_calls": 60,
        "drive_calls_within_target": 60,
        "finite_drive_outputs": 60,
        "latency_target_ms": 100.0,
        "nonstationary_drive_outputs": 60,
        "rpc_latency_ms": {
          "close_session": {
            "max": 1.786472,
            "mean": 1.786472,
            "p50": 1.786472,
            "p95": 1.786472,
            "samples": 1
          },