{
  "behavior": {
    "attribution": {
      "constant_velocity_command_proxy_clean": 19,
      "constant_velocity_full_route_clean": 19,
      "route_following_command_proxy_semantic_fault": 19,
      "route_following_full_route_clean": 19
    },
    "closed_loop_steps_per_arm": 50,
    "closed_loop_steps_total": 3800,
    "comparison_eligible_scenarios": 19,
    "difference_in_differences_endpoint_m": {
      "max": 14.210695,
      "mean": 1.972612,
      "median": 1.017287,
      "positive_count": 15
    },
    "displacement_divergence_over_time_m": {
      "constant_velocity": {
        "mean": [
          0.0,
          0.0,
          0.0,
          0.0,
          0.0,
          0.0,
          0.0,
          0.0,
          0.0,
          0.0,
          0.0,
          0.0,
          0.0,
          0.0,
          0.0,
          0.0,
          0.0,
          0.0,
          0.0,
          0.0,
          0.0,
          0.0,
          0.0,
          0.0,
          0.0,
          0.0,
          0.0,
          0.0,
          0.0,
          0.0,
          0.0,
          0.0,
          0.0,
          0.0,
          0.0,
          0.0,
          0.0,
          0.0,
          0.0,
          0.0,
          0.0,
          0.0,
          0.0,
          0.0,
          0.0,
          0.0,
          0.0,
          0.0,
          0.0,
          0.0,
          0.0
        ],
        "median": [
          0.0,
          0.0,
          0.0,
          0.0,
          0.0,
          0.0,
          0.0,
          0.0,
          0.0,
          0.0,
          0.0,
          0.0,
          0.0,
          0.0,
          0.0,
          0.0,
          0.0,
          0.0,
          0.0,
          0.0,
          0.0,
          0.0,
          0.0,
          0.0,
          0.0,
          0.0,
          0.0,
          0.0,
          0.0,
          0.0,
          0.0,
          0.0,
          0.0,
          0.0,
          0.0,
          0.0,
          0.0,
          0.0,
          0.0,
          0.0,
          0.0,
          0.0,
          0.0,
          0.0,
          0.0,
          0.0,
          0.0,
          0.0,
          0.0,
          0.0,
          0.0
        ]
      },
      "route_following": {
        "mean": [
          0.0,
          0.056449,
          0.111237,
          0.164038,
          0.214487,
          0.263938,
          0.311539,
          0.357044,
          0.402866,
          0.447822,
          0.491911,
          0.511073,
          0.529434,
          0.542323,
          0.592939,
          0.619343,
          0.643274,
          0.663676,
          0.681924,
          0.697853,
          0.712459,
          0.725317,
          0.736929,
          0.748055,
          0.758303,
          0.768182,
          0.777971,
          0.789556,
          0.805649,
          0.799574,
          0.849067,
          0.889079,
          0.917748,
          0.943368,
          0.966659,
          0.987728,
          1.008023,
          1.128714,
          1.14695,
          1.270962,
          1.287758,
          1.410497,
          1.42537,
          1.548328,
          1.563941,
          1.68574,
          1.700427,
          1.821577,
          1.835592,
          1.957558,
          1.972612
        ],
        "median": [
          0.0,
          0.010742,
          0.019531,
          0.026367,
          0.033178,
          0.037888,
          0.041693,
          0.044178,
          0.051757,
          0.064453,
          0.070312,
          0.082036,
          0.098638,
          0.11817,
          0.138679,
          0.155273,
          0.164062,
          0.170899,
          0.175781,
          0.179687,
          0.181641,
          0.182617,
          0.182617,
          0.18164,
          0.180664,
          0.138876,
          0.130869,
          0.144541,
          0.15919,
          0.176199,
          0.191906,
          0.210462,
          0.229995,
          0.250015,
          0.271499,
          0.293473,
          0.316423,
          0.823671,
          0.906419,
          0.958152,
          0.965526,
          0.9729,
          0.978297,
          0.983696,
          0.989094,
          0.994493,
          0.999892,
          1.005292,
          1.00929,
          1.013288,
          1.017287
        ]
      }
    },
    "endpoint_difference_m": {
      "constant_velocity": {
        "changed_count": 0,
        "material_change_count": 0,
        "max": 0.0,
        "mean": 0.0,
        "median": 0.0
      },
      "route_following": {
        "changed_count": 13,
        "material_change_count": 10,
        "max": 14.210695,
        "mean": 1.972612,
        "median": 1.017287
      }
    },
    "finite_trajectory_plans": 3800,
    "mean_route_distance_m": {
      "command_proxy_lower": 0,
      "equal": 4,
      "full_lower": 15,
      "paired_full_minus_command_proxy": -0.376788,
      "route_following_command_proxy": 0.695814,
      "route_following_full_route": 0.319026
    },
    "negative_control_invariant_scenarios": 19,
    "predeclared_check_results": {
      "H1_contract_sensitivity": {
        "criterion": "route-following median endpoint divergence exceeds 0.1 m",
        "supported_for_fixture": true
      },
      "H2_negative_control_invariance": {
        "criterion": "all constant-velocity endpoint divergences are at most 1e-06 m",
        "supported_for_fixture": true
      },
      "H3_attribution_correctness": {
        "criterion": "only route-following with command-proxy geometry receives semantic.command_only",
        "supported_for_fixture": true
      }
    },
    "route_unavailable_diagnostic_counts": {
      "semantic.route_missing": 1
    },
    "route_unavailable_scenarios": 1,
    "scenario_count": 20,
    "waymax_final_metrics": {
      "constant_velocity": {
        "command_proxy": {
          "kinematic_infeasibility": {
            "mean": 0.0,
            "positive_count": 0
          },
          "log_divergence": {
            "mean": 6.806519,
            "positive_count": 19
          },
          "offroad": {
            "mean": 0.052632,
            "positive_count": 1
          },
          "overlap": {
            "mean": 0.210526,
            "positive_count": 4
          },
          "sdc_off_route": {
            "mean": 0.783051,
            "positive_count": 1
          },
          "sdc_progression": {
            "mean": 0.805865,
            "positive_count": 19
          },
          "sdc_wrongway": {
            "mean": 0.783051,
            "positive_count": 1
          }
        },
        "full_route": {
          "kinematic_infeasibility": {
            "mean": 0.0,
            "positive_count": 0
          },
          "log_divergence": {
            "mean": 6.806519,
            "positive_count": 19
          },
          "offroad": {
            "mean": 0.052632,
            "positive_count": 1
          },
          "overlap": {
            "mean": 0.210526,
            "positive_count": 4
          },
          "sdc_off_route": {
            "mean": 0.783051,
            "positive_count": 1
          },
          "sdc_progression": {
            "mean": 0.805865,
            "positive_count": 19
          },
          "sdc_wrongway": {
            "mean": 0.783051,
            "positive_count": 1
          }
        }
      },
      "route_following": {
        "command_proxy": {
          "kinematic_infeasibility": {
            "mean": 0.0,
            "positive_count": 0
          },
          "log_divergence": {
            "mean": 6.806519,
            "positive_count": 19
          },
          "offroad": {
            "mean": 0.052632,
            "positive_count": 1
          },
          "overlap": {
            "mean": 0.210526,
            "positive_count": 4
          },
          "sdc_off_route": {
            "mean": 0.783051,
            "positive_count": 1
          },
          "sdc_progression": {
            "mean": 0.805865,